email,password,user_created
test@gmail.com,$2b$12$qBhgDYWK6PNwFQFqdnIXQuSQkffOjgLjmJw/1dVA0wP9TXgd6lFkW,2026-02-27 14:30:06.134168
test2@gmail.com,$2b$12$Rx5Ipgl7qxPyZiD9uaEfge.JuSs7K6DRvU2.MNgUJKRQYz7gI6WJa,2026-02-27 19:33:41.033491
test3@gmail.com,$2b$12$UBZSNaAkgnJXjYj9Qlfa0.ZhhrS/xSX.PoI/Nj4k4/fo2n6HUEfSe,2026-02-27 19:35:26.700120
test4@gmail.com,$2b$12$7WleT01e.6nCoHbME7P4jegm4ChoiN4tUGBPGwmOsn2lxKP7TD0UO,2026-02-27 21:12:29.428077
test5@gmail.com,$2b$12$rbQv/7lmJy1BYmGaN3KH4.eawsH1SF0BpBZ.u07IJCn4baJaO5mLq,2026-02-27 21:14:01.088363
test6@gmail.com,$2b$12$4BYGTgOnZPoHr.EiblyThOB5vArBGrLKjfEgF2dDdw6EFGcG8FUKS,2026-02-27 21:34:56.853700
test7@gmail.com,$2b$12$KbEVmlQAOfi3jao.iJNplepBYui2Wh5q7EbGSuXjPwOgO4k6hcpVS,2026-02-27 21:41:04.742468
test8@gmail.com,$2b$12$txK.BwwqKvg7hiY4WXdKs.P4uaqdjHZAcKWrtEPAipA.cvTvFf16S,2026-02-28 14:10:53.692668
test9@gmail.com,$2b$12$HatAtsmUiPALbH6e4DhODOpBgMmD54srL3I0DhkogSAwK7V0o3aGy,2026-02-28 14:34:52.843833
test10@gmail.com,$2b$12$402ZavWfOzeSywK4QJk4neAn1ayn.f4rsnEsd/mXBEz1cG28xAH1q,2026-02-28 17:12:08.880274
test11@gmail.com,$2b$12$P31NP/FrIOMXVLKzb8OT9uAWkL5otzu5s4SJ9H1jUzPWeXCEM2A3e,2026-02-28 18:19:04.196379
test12@gmail.com,$2b$12$2wZUgR9rQaOfi943MwL1uex4mOtz5g2B6SPMPgqQz7SzCuQdHFsdq,2026-02-28 19:33:29.647552
